Kasper Scmeichel,,,,,,,,,,,,,,,,,,,,,,,,,,,,,,
Date,Venue,Result,Squad,Opponent,SoTA,GA,Saves,Save%,CS,PSxG,Opposition XG,,,,,,,,,,,,,,,,,,,
2021-08-14,Home,W 1–0,Leicester City,Wolves,3,0,3,100,1,0.3,1.1,,,,,,,,,,,,,,,,,,,
2021-08-23,Away,L 1–4,Leicester City,West Ham,7,4,3,42.9,0,3.4,2.5,,,,,,,,,,,,,,,,,,,
2021-08-28,Away,W 2–1,Leicester City,Norwich City,3,1,3,100,0,1.1,1.6,,,,,,,,,,,,,,,,,,,
2021-09-11,Home,L 0–1,Leicester City,Manchester City,8,1,7,87.5,0,1.3,2.9,,,,,,,,,,,,,,,,,,,
2021-09-19,Away,L 1–2,Leicester City,Brighton,3,2,2,66.7,0,1.1,1.4,,,,,,,,,,,,,,,,,,,
2021-09-25,Home,D 2–2,Leicester City,Burnley,3,2,2,33.3,0,0.4,0.7,,,,,,,,,,,,,,,,,,,
2021-10-03,Away,D 2–2,Leicester City,Crystal Palace,4,2,2,50,0,0.8,1.3,,,,,,,,,,,,,,,,,,,
2021-10-16,Home,W 4–2,Leicester City,Manchester Utd,6,2,4,66.7,0,0.7,1.4,,,,,,,,,,,,,,,,,,,
2021-10-24,Away,W 2–1,Leicester City,Brentford,5,1,4,80,0,1.1,1.2,,,,,,,,,,,,,,,,,,,
2021-10-30,Home,L 0–2,Leicester City,Arsenal,5,2,3,60,0,1.9,0.9,,,,,,,,,,,,,,,,,,,
2021-11-07,Away,D 1–1,Leicester City,Leeds United,5,1,4,80,0,1.1,1.2,,,,,,,,,,,,,,,,,,,
2021-11-20,Home,L 0–3,Leicester City,Chelsea,7,3,4,57.1,0,2.9,2.4,,,,,,,,,,,,,,,,,,,
2021-11-28,Home,W 4–2,Leicester City,Watford,4,2,3,75,0,2.1,2.7,,,,,,,,,,,,,,,,,,,
2021-12-01,Away,D 2–2,Leicester City,Southampton,7,2,5,71.4,0,1.8,1.5,,,,,,,,,,,,,,,,,,,
2021-12-05,Away,L 1–2,Leicester City,Aston Villa,4,2,2,50,0,1.2,2,,,,,,,,,,,,,,,,,,,
2021-12-12,Home,W 4–0,Leicester City,Newcastle Utd,3,0,3,100,1,0.5,0.7,,,,,,,,,,,,,,,,,,,
2021-12-26,Away,L 3–6,Leicester City,Manchester City,6,6,2,33.3,0,5.1,3.4,,,,,,,,,,,,,,,,,,,
2021-12-28,Home,W 1–0,Leicester City,Liverpool,3,0,3,100,1,1,2.5,,,,,,,,,,,,,,,,,,,
2022-01-19,Home,L 2–3,Leicester City,Tottenham,8,3,5,62.5,0,3.7,3.7,,,,,,,,,,,,,,,,,,,
2022-01-23,Home,D 1–1,Leicester City,Brighton,4,1,3,75,0,1.5,1,,,,,,,,,,,,,,,,,,,
2022-02-10,Away,L 0–2,Leicester City,Liverpool,12,2,10,83.3,0,2.6,2.6,,,,,,,,,,,,,,,,,,,
2022-02-13,Home,D 2–2,Leicester City,West Ham,3,2,1,33.3,0,1.6,0.6,,,,,,,,,,,,,,,,,,,
2022-02-20,Away,L 1–2,Leicester City,Wolves,3,2,1,33.3,0,1.3,0.6,,,,,,,,,,,,,,,,,,,
2022-03-01,Away,W 2–0,Leicester City,Burnley,2,0,2,100,1,0.9,1,,,,,,,,,,,,,,,,,,,
2022-03-05,Home,W 1–0,Leicester City,Leeds United,4,0,4,100,1,1,1.9,,,,,,,,,,,,,,,,,,,
2022-03-13,Away,L 0–2,Leicester City,Arsenal,6,2,5,83.3,0,2.2,2.3,,,,,,,,,,,,,,,,,,,
2022-03-20,Home,W 2–1,Leicester City,Brentford,5,1,4,80,0,1.6,1.4,,,,,,,,,,,,,,,,,,,
2022-04-02,Away,D 1–1,Leicester City,Manchester Utd,5,1,4,80,0,1.1,1.3,,,,,,,,,,,,,,,,,,,
2022-04-10,Home,W 2–1,Leicester City,Crystal Palace,2,1,1,50,0,0.9,1.3,,,,,,,,,,,,,,,,,,,
2022-04-17,Away,L 1–2,Leicester City,Newcastle Utd,6,2,4,66.7,0,1.8,1.4,,,,,,,,,,,,,,,,,,,
2022-04-20,Away,D 1–1,Leicester City,Everton,3,1,2,66.7,0,1.5,1.5,,,,,,,,,,,,,,,,,,,
2022-04-23,Home,D 0–0,Leicester City,Aston Villa,3,0,3,100,1,0,0.6,,,,,,,,,,,,,,,,,,,
2022-05-01,Away,L 1–3,Leicester City,Tottenham,7,3,4,57.1,0,2.8,1.5,,,,,,,,,,,,,,,,,,,
2022-05-08,Home,L 1–2,Leicester City,Everton,4,2,1,50,0,1.7,1.5,,,,,,,,,,,,,,,,,,,
2022-05-11,Home,W 3–0,Leicester City,Norwich City,5,0,5,100,1,0.5,1.2,,,,,,,,,,,,,,,,,,,
2022-05-19,Away,D 1–1,Leicester City,Chelsea,7,1,6,85.7,0,1,1.7,,,,,,,,,,,,,,,,,,,
2022-05-22,Home,W 4–1,Leicester City,Southampton,1,1,1,100,0,0.8,1.2,,,,,,,,,,,,,,,,,,,
,,,,Totals,176,58,125,71.91351351,7,56.3,59.7,,,,,,,,,,,,,,,,,,,
Aaron Ramsdale,,,,,,,,,,,,,,,,,,,,,,,,,,,,,,
Date,Venue,Result,Squad,Opponent,SoTA,GA,Saves,Save%,CS,PSxG,Opposition xG,,,,,,,,,,,,,,,,,,,
11/09/2021,Home,W 1-0,Arsenal,Norwich City,1,0,1,100,1,0,0.6,,,,,,,,,,,,,,,,,,,
18/09/2021,Away,W 1-0,Arsenal,Burnley,3,0,3,100,1,0.6,1.3,,,,,,,,,,,,,,,,,,,
26/09/2021,Home,W 3-1,Arsenal,Tottenham,4,1,2,75,0,1.1,1,,,,,,,,,,,,,,,,,,,
02/10/2021,Away,D 0-0,Arsenal,Brighton,2,0,2,100,1,0.1,1.4,,,,,,,,,,,,,,,,,,,
18/10/2021,Home,D 2-2,Arsenal,Crystal Palace,6,2,4,66.7,0,1.6,0.9,,,,,,,,,,,,,,,,,,,
22/10/2021,Home,W 3-1,Arsenal,Aston Villa,4,1,3,75,0,1.3,1.4,,,,,,,,,,,,,,,,,,,
30/10/2021,Away,W 2-0,Arsenal,Leicester City,8,0,6,100,1,1.5,1.2,,,,,,,,,,,,,,,,,,,
07/11/2021,Home,W 1-0,Arsenal,Watford,1,0,1,100,1,0,0.7,,,,,,,,,,,,,,,,,,,
20/11/2021,Away,L 0-4,Arsenal,Liverpool,9,4,5,55.6,0,4.4,4.3,,,,,,,,,,,,,,,,,,,
27/11/2021,Home,W 2-0,Arsenal,Newcastle Utd,5,0,4,100,1,0.1,0.2,,,,,,,,,,,,,,,,,,,
02/12/2021,Away,L 2-3,Arsenal,Manchester Utd,9,3,7,77.8,0,2.3,1.9,,,,,,,,,,,,,,,,,,,
06/12/2021,Away,L 1-2,Arsenal,Everton,4,2,2,50,0,0.4,1,,,,,,,,,,,,,,,,,,,
11/12/2021,Home,W 3-0,Arsenal,Southampton,6,0,6,100,1,0.3,0.6,,,,,,,,,,,,,,,,,,,
15/12/2021,Home,W 2-0,Arsenal,West Ham,1,0,1,100,1,0.5,0.3,,,,,,,,,,,,,,,,,,,
18/12/2021,Away,W 4-1,Arsenal,Leeds United,1,1,1,100,0,1,1.6,,,,,,,,,,,,,,,,,,,
26/12/2021,Away,W 5-0,Arsenal,Norwich City,2,0,2,100,1,0.1,0.1,,,,,,,,,,,,,,,,,,,
01/01/2022,Home,L 1-2,Arsenal,Manchester City,1,2,0,0,0,1.6,1.6,,,,,,,,,,,,,,,,,,,
23/01/2022,Home,D 0-0,Arsenal,Burnley,1,0,1,100,1,0,0.4,,,,,,,,,,,,,,,,,,,
10/02/2022,Away,W 1-0,Arsenal,Wolves,4,0,4,100,1,0.2,0.9,,,,,,,,,,,,,,,,,,,
19/02/2022,Home,W 2-1,Arsenal,Brentford,2,1,1,50,0,0.2,0.6,,,,,,,,,,,,,,,,,,,
24/02/2022,Home,W 2-1,Arsenal,Wolves,2,1,1,50,0,0.7,1,,,,,,,,,,,,,,,,,,,
06/03/2022,Away,W 3-2,Arsenal,Watford,7,2,5,71.4,0,1.3,1.5,,,,,,,,,,,,,,,,,,,
13/03/2022,Home,W 2-0,Arsenal,Leicester City,3,0,3,100,1,0.7,0.3,,,,,,,,,,,,,,,,,,,
16/03/2022,Home,L 0-2,Arsenal,Liverpool,3,2,1,33.3,0,1,0.8,,,,,,,,,,,,,,,,,,,
04/04/2022,Away,L 0-3,Arsenal,Crystal Palace,4,3,2,50,0,1.7,1.6,,,,,,,,,,,,,,,,,,,
09/04/2022,Home,L 1-2,Arsenal,Brighton,3,2,1,33.3,0,1.5,0.5,,,,,,,,,,,,,,,,,,,
16/04/2022,Away,L 0-1,Arsenal,Southampton,3,1,2,66.7,0,0.8,0.7,,,,,,,,,,,,,,,,,,,
20/04/2022,Away,W 4-2,Arsenal,Chelsea,2,2,0,0,0,0.7,0.6,,,,,,,,,,,,,,,,,,,
23/04/2022,Home,W 3-1,Arsenal,Manchester Utd,5,1,3,80,0,1,2.2,,,,,,,,,,,,,,,,,,,
01/05/2022,Away,W 2-1,Arsenal,West Ham,3,1,2,66.7,0,1,0.4,,,,,,,,,,,,,,,,,,,
08/05/2022,Home,W 2-1,Arsenal,Leeds United,2,1,1,50,0,0.7,0.5,,,,,,,,,,,,,,,,,,,
12/05/2022,Away,L 0-3,Arsenal,Tottenham,5,3,3,60,0,2.8,3.1,,,,,,,,,,,,,,,,,,,
16/05/2022,Away,L 0-2,Arsenal,Newcastle Utd,4,2,3,50,0,1.7,2.1,,,,,,,,,,,,,,,,,,,
22/05/2022,Home,W 5-1,Arsenal,Everton,2,1,1,50,0,0.7,1.1,,,,,,,,,,,,,,,,,,,
,,,,Totals,122,39,84,70.92647059,12,33.6,38.4,,,,,,,,,,,,,,,,,,,
David de Gea,,,,,,,,,,,,,,,,,,,,,,,,,,,,,,
Date,Venue,Result,Squad,Opponent,SoTA,GA,Saves,Save%,CS,PSxG,Opposition xG,,,,,,,,,,,,,,,,,,,
14/08/2021,Home,W 5-1,Manchester Utd,Leeds United,3,1,2,66.7,0,0.6,0.6,,,,,,,,,,,,,,,,,,,
22/08/2021,Away,D 1-1,Manchester Utd,Southampton,3,1,3,66.7,0,0.2,0.8,,,,,,,,,,,,,,,,,,,
29/08/2021,Away,W 1-0,Manchester Utd,Wolves,5,0,5,100,1,1.1,1.8,,,,,,,,,,,,,,,,,,,
11/09/2021,Home,W 4-1,Manchester Utd,Newcastle Utd,4,1,3,75,0,1.5,0.7,,,,,,,,,,,,,,,,,,,
19/09/2021,Away,W 2-1,Manchester Utd,West Ham,3,1,2,66.7,0,1.4,1.6,,,,,,,,,,,,,,,,,,,
25/09/2021,Home,L 0-1,Manchester Utd,Aston Villa,3,1,2,66.7,0,0.6,1.2,,,,,,,,,,,,,,,,,,,
02/10/2021,Home,D 1-1,Manchester Utd,Everton,2,1,1,50,0,0.8,1.1,,,,,,,,,,,,,,,,,,,
16/10/2021,Away,L 2-4,Manchester Utd,Leicester City,11,4,6,63.6,0,4.5,3.1,,,,,,,,,,,,,,,,,,,
24/10/2021,Home,L 0-5,Manchester Utd,Liverpool,8,5,3,37.5,0,4.5,3.8,,,,,,,,,,,,,,,,,,,
30/10/2021,Away,W 3-0,Manchester Utd,Tottenham,0,0,0,,1,0,0.7,,,,,,,,,,,,,,,,,,,
06/11/2021,Home,L 0-2,Manchester Utd,Manchester City,5,2,4,60,0,2.2,2,,,,,,,,,,,,,,,,,,,
20/11/2021,Away,L 1-4,Manchester Utd,Watford,7,4,3,42.9,0,3.5,2.2,,,,,,,,,,,,,,,,,,,
28/11/2021,Away,D 1-1,Manchester Utd,Chelsea,5,1,4,100,0,2.4,2.9,,,,,,,,,,,,,,,,,,,
02/12/2021,Home,W 3-2,Manchester Utd,Arsenal,7,2,5,71.4,0,2.8,1.5,,,,,,,,,,,,,,,,,,,
05/12/2021,Home,W 1-0,Manchester Utd,Crystal Palace,2,0,2,100,1,0.8,0.9,,,,,,,,,,,,,,,,,,,
11/12/2021,Away,W 1-0,Manchester Utd,Norwich City,5,0,5,100,1,2,0.9,,,,,,,,,,,,,,,,,,,
27/12/2021,Away,D 1-1,Manchester Utd,Newcastle Utd,8,1,7,87.5,0,1.9,1.1,,,,,,,,,,,,,,,,,,,
30/12/2021,Home,W 3-1,Manchester Utd,Burnley,3,1,2,66.7,0,0.9,0.8,,,,,,,,,,,,,,,,,,,
03/01/2022,Home,L 0-1,Manchester Utd,Wolves,6,1,5,83.3,0,1.2,0.7,,,,,,,,,,,,,,,,,,,
15/01/2022,Away,D 2-2,Manchester Utd,Aston Villa,9,2,7,77.8,0,2.9,2,,,,,,,,,,,,,,,,,,,
19/01/2022,Away,W 3-1,Manchester Utd,Brentford,9,1,8,88.9,0,3,2.2,,,,,,,,,,,,,,,,,,,
22/01/2022,Home,W 1-0,Manchester Utd,West Ham,1,0,1,100,1,0,0.4,,,,,,,,,,,,,,,,,,,
08/02/2022,Away,D 1-1,Manchester Utd,Burnley,3,1,2,66.7,0,0.8,0.6,,,,,,,,,,,,,,,,,,,
12/02/2022,Home,D 1-1,Manchester Utd,Southampton,4,1,3,75,0,0.6,1.1,,,,,,,,,,,,,,,,,,,
15/02/2022,Home,W 2-0,Manchester Utd,Brighton,3,0,3,100,1,0.5,0.6,,,,,,,,,,,,,,,,,,,
20/02/2022,Away,W 4-2,Manchester Utd,Leeds United,6,2,4,66.7,0,1.5,1.5,,,,,,,,,,,,,,,,,,,
26/02/2022,Home,D 0-0,Manchester Utd,Watford,2,0,2,100,1,0.6,0.5,,,,,,,,,,,,,,,,,,,
06/03/2022,Away,L 1-4,Manchester Utd,Manchester City,10,4,6,60,0,3.3,2.6,,,,,,,,,,,,,,,,,,,
12/03/2022,Home,W 3-2,Manchester Utd,Tottenham,1,2,1,0,0,0.9,1.3,,,,,,,,,,,,,,,,,,,
02/04/2022,Home,D 1-1,Manchester Utd,Leicester City,3,1,2,66.7,0,1,0.8,,,,,,,,,,,,,,,,,,,
09/04/2022,Away,L 0-1,Manchester Utd,Everton,3,1,2,66.7,0,0.8,0.4,,,,,,,,,,,,,,,,,,,
16/04/2022,Home,W 3-2,Manchester Utd,Norwich City,4,2,2,50,0,1.4,1.9,,,,,,,,,,,,,,,,,,,
19/04/2022,Away,L 0-4,Manchester Utd,Liverpool,5,4,1,20,0,2.8,2.3,,,,,,,,,,,,,,,,,,,
23/04/2022,Away,L 1-3,Manchester Utd,Arsenal,6,3,4,66.7,0,2.5,2.2,,,,,,,,,,,,,,,,,,,
28/04/2022,Home,D 1-1,Manchester Utd,Chelsea,6,1,5,83.3,0,1.6,2,,,,,,,,,,,,,,,,,,,
02/05/2022,Home,W 3-0,Manchester Utd,Brentford,4,0,4,100,1,0.1,0.6,,,,,,,,,,,,,,,,,,,
07/05/2022,Away,L 0-4,Manchester Utd,Brighton,5,4,1,20,0,2.7,2.8,,,,,,,,,,,,,,,,,,,
22/05/2022,Away,L 0-1,Manchester Utd,Crystal Palace,3,1,2,66.7,0,0.8,0.5,,,,,,,,,,,,,,,,,,,
,,,,Totals,177,57,124,69.72702703,8,60.7,54.7,,,,,,,,,,,,,,,,,,,
Ederson,,,,,,,,,,,,,,,,,,,,,,,,,,,,,,
Date,Venue,Result,Squad,Opponent,SoTA,GA,Saves,Save%,CS,PSxG,Opposition xG,,,,,,,,,,,,,,,,,,,
15/08/2021,Away,L 0-1,Manchester City,Tottenham,2,1,1,50,0,0.6,1.3,,,,,,,,,,,,,,,,,,,
21/08/2021,Home,W 5-0,Manchester City,Norwich City,0,0,0,,1,0,0.1,,,,,,,,,,,,,,,,,,,
28/08/2021,Home,W 5-0,Manchester City,Arsenal,0,0,0,,1,0,0.1,,,,,,,,,,,,,,,,,,,
11/09/2021,Away,W 1-0,Manchester City,Leicester City,1,0,1,100,1,0.3,0.8,,,,,,,,,,,,,,,,,,,
18/09/2021,Home,D 0-0,Manchester City,Southampton,2,0,2,100,1,0.1,0.4,,,,,,,,,,,,,,,,,,,
25/09/2021,Away,W 1-0,Manchester City,Chelsea,0,0,0,,1,0,0.3,,,,,,,,,,,,,,,,,,,
03/10/2021,Away,D 2-2,Manchester City,Liverpool,3,2,1,33.3,0,1.3,1,,,,,,,,,,,,,,,,,,,
23/10/2021,Away,W 4-1,Manchester City,Brighton,4,1,4,100,0,1.1,1.3,,,,,,,,,,,,,,,,,,,
30/10/2021,Home,L 0-2,Manchester City,Crystal Palace,3,2,1,33.3,0,1.3,1.1,,,,,,,,,,,,,,,,,,,
06/11/2021,Away,W 2-0,Manchester City,Manchester Utd,1,0,1,100,1,0,0.6,,,,,,,,,,,,,,,,,,,
21/11/2021,Home,W 3-0,Manchester City,Everton,1,0,1,100,1,0,0.3,,,,,,,,,,,,,,,,,,,
28/11/2021,Home,W 2-1,Manchester City,West Ham,4,1,3,75,0,0.3,0.2,,,,,,,,,,,,,,,,,,,
01/12/2021,Away,W 2-1,Manchester City,Aston Villa,3,1,2,66.7,0,0.6,0.9,,,,,,,,,,,,,,,,,,,
04/12/2021,Away,W 3-1,Manchester City,Watford,4,1,3,75,0,1.2,0.7,,,,,,,,,,,,,,,,,,,
11/12/2021,Home,W 1-0,Manchester City,Wolves,1,0,1,100,1,0.3,0.2,,,,,,,,,,,,,,,,,,,
14/12/2021,Home,W 7-0,Manchester City,Leeds United,3,0,3,100,1,0,0.2,,,,,,,,,,,,,,,,,,,
19/12/2021,Away,W 4-0,Manchester City,Newcastle Utd,1,0,1,100,1,0.3,0.4,,,,,,,,,,,,,,,,,,,
26/12/2021,Home,W 6-3,Manchester City,Leicester City,8,3,3,62.5,0,3.1,2.4,,,,,,,,,,,,,,,,,,,
29/12/2021,Away,W 1-0,Manchester City,Brentford,2,0,2,100,1,0.5,0.3,,,,,,,,,,,,,,,,,,,
01/01/2022,Away,W 2-1,Manchester City,Arsenal,2,1,1,50,0,0.9,0.9,,,,,,,,,,,,,,,,,,,
15/01/2022,Home,W 1-0,Manchester City,Chelsea,1,0,1,100,1,0.2,0.5,,,,,,,,,,,,,,,,,,,
22/01/2022,Away,D 1-1,Manchester City,Southampton,3,1,2,66.7,0,1.1,1.1,,,,,,,,,,,,,,,,,,,
09/02/2022,Home,W 2-0,Manchester City,Brentford,2,0,2,100,1,0.2,0.7,,,,,,,,,,,,,,,,,,,
12/02/2022,Away,W 4-0,Manchester City,Norwich City,3,0,3,100,1,0.3,0.5,,,,,,,,,,,,,,,,,,,
19/02/2022,Home,L 2-3,Manchester City,Tottenham,5,3,2,40,0,2.3,1.8,,,,,,,,,,,,,,,,,,,
26/02/2022,Away,W 1-0,Manchester City,Everton,2,0,2,100,1,0.4,0.8,,,,,,,,,,,,,,,,,,,
06/03/2022,Home,W 4-1,Manchester City,Manchester Utd,2,1,1,50,0,1,0.5,,,,,,,,,,,,,,,,,,,
14/03/2022,Away,D 0-0,Manchester City,Crystal Palace,1,0,1,100,1,0,0.8,,,,,,,,,,,,,,,,,,,
02/04/2022,Away,W 2-0,Manchester City,Burnley,1,0,1,100,1,0.1,0.1,,,,,,,,,,,,,,,,,,,
10/04/2022,Home,D 2-2,Manchester City,Liverpool,4,2,2,50,0,2.2,1,,,,,,,,,,,,,,,,,,,
20/04/2022,Home,W 3-0,Manchester City,Brighton,1,0,1,100,1,0.2,0.1,,,,,,,,,,,,,,,,,,,
23/04/2022,Home,W 5-1,Manchester City,Watford,2,1,1,50,0,0.8,0.5,,,,,,,,,,,,,,,,,,,
30/04/2022,Away,W 4-0,Manchester City,Leeds United,1,0,1,100,1,0.3,1.2,,,,,,,,,,,,,,,,,,,
08/05/2022,Home,W 5-0,Manchester City,Newcastle Utd,3,0,3,100,1,0.8,0.9,,,,,,,,,,,,,,,,,,,
11/05/2022,Away,W 5-1,Manchester City,Wolves,3,1,2,66.7,0,0.7,0.5,,,,,,,,,,,,,,,,,,,
15/05/2022,Away,D 2-2,Manchester City,West Ham,2,2,0,0,0,1.6,1.3,,,,,,,,,,,,,,,,,,,
22/05/2022,Home,W 3-2,Manchester City,Aston Villa,2,2,0,0,0,0.7,0.3,,,,,,,,,,,,,,,,,,,
,,,,Totals,83,26,56,75.56470588,20,24.8,26.1,,,,,,,,,,,,,,,,,,,
Edouard Mendy,,,,,,,,,,,,,,,,,,,,,,,,,,,,,,
Date,Venue,Result,Squad,Opponent,SoTA,GA,Saves,Save%,CS,PSxG,Opposition xG,,,,,,,,,,,,,,,,,,,
14/08/2021,Home,W 3-0,Chelsea,Crystal Palace,1,0,1,100,1,0.1,0.3,,,,,,,,,,,,,,,,,,,
22/08/2021,Away,W 2-0,Chelsea,Arsenal,3,0,3,100,1,0,0.3,,,,,,,,,,,,,,,,,,,
28/08/2021,Away,D 1-1,Chelsea,Liverpool,6,1,6,100,0,1.1,2.6,,,,,,,,,,,,,,,,,,,
11/09/2021,Home,W 3-0,Chelsea,Aston Villa,6,0,6,100,1,0.8,1.5,,,,,,,,,,,,,,,,,,,
25/09/2021,Home,L 0-1,Chelsea,Manchester City,3,1,2,66.7,0,0.9,1.7,,,,,,,,,,,,,,,,,,,
02/10/2021,Home,W 3-1,Chelsea,Southampton,1,1,1,100,0,1.1,1.3,,,,,,,,,,,,,,,,,,,
16/10/2021,Away,W 1-0,Chelsea,Brentford,5,0,4,100,1,1.7,1.6,,,,,,,,,,,,,,,,,,,
23/10/2021,Home,W 7-0,Chelsea,Norwich City,1,0,1,100,1,0.1,0.2,,,,,,,,,,,,,,,,,,,
30/10/2021,Away,W 3-0,Chelsea,Newcastle Utd,1,0,1,100,1,0,0.3,,,,,,,,,,,,,,,,,,,
06/11/2021,Home,D 1-1,Chelsea,Burnley,2,1,1,50,0,1.2,1,,,,,,,,,,,,,,,,,,,
20/11/2021,Away,W 3-0,Chelsea,Leicester City,3,0,3,100,1,0.2,0.4,,,,,,,,,,,,,,,,,,,
28/11/2021,Home,D 1-1,Chelsea,Manchester Utd,2,1,1,50,0,1.5,0.7,,,,,,,,,,,,,,,,,,,
01/12/2021,Away,W 2-1,Chelsea,Watford,6,1,5,83.3,0,1.3,1,,,,,,,,,,,,,,,,,,,
04/12/2021,Away,L 2-3,Chelsea,West Ham,3,3,1,33.3,0,1.3,1.8,,,,,,,,,,,,,,,,,,,
11/12/2021,Home,W 3-2,Chelsea,Leeds United,4,2,3,75,0,1.1,1.4,,,,,,,,,,,,,,,,,,,
16/12/2021,Home,D 1-1,Chelsea,Everton,3,1,2,66.7,0,1.1,0.4,,,,,,,,,,,,,,,,,,,
19/12/2021,Away,D 0-0,Chelsea,Wolves,1,0,1,100,1,0.4,0.3,,,,,,,,,,,,,,,,,,,
26/12/2021,Away,W 3-1,Chelsea,Aston Villa,1,1,1,0,0,0,0.6,,,,,,,,,,,,,,,,,,,
29/12/2021,Home,D 1-1,Chelsea,Brighton,6,1,5,83.3,0,1.1,0.9,,,,,,,,,,,,,,,,,,,
02/01/2022,Home,D 2-2,Chelsea,Liverpool,5,2,3,60,0,1.2,1.4,,,,,,,,,,,,,,,,,,,
19/02/2022,Away,W 1-0,Chelsea,Crystal Palace,0,0,0,,1,0,0.6,,,,,,,,,,,,,,,,,,,
05/03/2022,Away,W 4-0,Chelsea,Burnley,0,0,0,,1,0,0.8,,,,,,,,,,,,,,,,,,,
10/03/2022,Away,W 3-1,Chelsea,Norwich City,2,1,2,100,0,1.8,1,,,,,,,,,,,,,,,,,,,
13/03/2022,Home,W 1-0,Chelsea,Newcastle Utd,2,0,2,100,1,0.1,0.2,,,,,,,,,,,,,,,,,,,
02/04/2022,Home,L 1-4,Chelsea,Brentford,6,4,2,33.3,0,3.1,2.1,,,,,,,,,,,,,,,,,,,
09/04/2022,Away,W 6-0,Chelsea,Southampton,1,0,1,100,1,0.6,0.5,,,,,,,,,,,,,,,,,,,
20/04/2022,Home,L 2-4,Chelsea,Arsenal,3,4,0,0,0,2.8,2.4,,,,,,,,,,,,,,,,,,,
24/04/2022,Home,W 1-0,Chelsea,West Ham,3,0,3,100,1,0.7,0.5,,,,,,,,,,,,,,,,,,,
28/04/2022,Away,D 1-1,Chelsea,Manchester Utd,3,1,2,66.7,0,0.6,0.6,,,,,,,,,,,,,,,,,,,
01/05/2022,Away,L 0-1,Chelsea,Everton,4,1,3,75,0,1.2,1.3,,,,,,,,,,,,,,,,,,,
07/05/2022,Home,D 2-2,Chelsea,Wolves,4,2,2,50,0,1.3,2.1,,,,,,,,,,,,,,,,,,,
11/05/2022,Away,W 3-0,Chelsea,Leeds United,0,0,0,,1,0,0.5,,,,,,,,,,,,,,,,,,,
19/05/2022,Home,D 1-1,Chelsea,Leicester City,1,1,0,0,0,0.2,0.1,,,,,,,,,,,,,,,,,,,
22/05/2022,Home,W 2-1,Chelsea,Watford,3,1,2,66.7,0,1.1,1,,,,,,,,,,,,,,,,,,,
,,,,Totals,95,31,70,72.90322581,14,29.7,33.4,,,,,,,,,,,,,,,,,,,
Illan Meslier,,,,,,,,,,,,,,,,,,,,,,,,,,,,,,
Date,Venue,Result,Squad,Opponent,SoTA,GA,Saves,Save%,CS,PSxG,Opposition xG,,,,,,,,,,,,,,,,,,,
14/08/2021,Away,L 1-5,Leeds United,Manchester Utd,8,5,3,37.5,0,1.9,1.5,,,,,,,,,,,,,,,,,,,
21/08/2021,Home,D 2-2,Leeds United,Everton,7,2,6,85.7,0,3,2,,,,,,,,,,,,,,,,,,,
29/08/2021,Away,D 1-1,Leeds United,Burnley,3,1,1,66.7,0,0.7,1.4,,,,,,,,,,,,,,,,,,,
12/09/2021,Home,L 0-3,Leeds United,Liverpool,8,3,5,62.5,0,2.4,4,,,,,,,,,,,,,,,,,,,
17/09/2021,Away,D 1-1,Leeds United,Newcastle Utd,7,1,6,85.7,0,1.5,1.3,,,,,,,,,,,,,,,,,,,
25/09/2021,Home,L 1-2,Leeds United,West Ham,6,2,5,66.7,0,2.3,1.8,,,,,,,,,,,,,,,,,,,
02/10/2021,Home,W 1-0,Leeds United,Watford,1,0,1,100,1,0.2,0.2,,,,,,,,,,,,,,,,,,,
16/10/2021,Away,L 0-1,Leeds United,Southampton,4,1,3,75,0,1.1,2.3,,,,,,,,,,,,,,,,,,,
23/10/2021,Home,D 1-1,Leeds United,Wolves,4,1,3,75,0,0.9,1,,,,,,,,,,,,,,,,,,,
31/10/2021,Away,W 2-1,Leeds United,Norwich City,3,1,2,66.7,0,1.3,0.7,,,,,,,,,,,,,,,,,,,
07/11/2021,Home,D 1-1,Leeds United,Leicester City,3,1,2,66.7,0,1.8,1.1,,,,,,,,,,,,,,,,,,,
21/11/2021,Away,L 1-2,Leeds United,Tottenham,4,2,1,50,0,1.8,2,,,,,,,,,,,,,,,,,,,
27/11/2021,Away,D 0-0,Leeds United,Brighton,4,0,3,100,1,1.1,2.1,,,,,,,,,,,,,,,,,,,
30/11/2021,Home,W 1-0,Leeds United,Crystal Palace,1,0,1,100,1,0.2,1,,,,,,,,,,,,,,,,,,,
05/12/2021,Home,D 2-2,Leeds United,Brentford,3,2,1,33.3,0,1.8,0.9,,,,,,,,,,,,,,,,,,,
11/12/2021,Away,L 2-3,Leeds United,Chelsea,4,3,3,75,0,2.6,2.8,,,,,,,,,,,,,,,,,,,
14/12/2021,Away,L 0-7,Leeds United,Manchester City,15,7,8,53.3,0,4.2,3.6,,,,,,,,,,,,,,,,,,,
18/12/2021,Home,L 1-4,Leeds United,Arsenal,12,4,8,66.7,0,2.5,3.2,,,,,,,,,,,,,,,,,,,
02/01/2022,Home,W 3-1,Leeds United,Burnley,2,1,1,50,0,0.9,0.9,,,,,,,,,,,,,,,,,,,
16/01/2022,Away,W 3-2,Leeds United,West Ham,5,2,3,60,0,1.5,2,,,,,,,,,,,,,,,,,,,
22/01/2022,Home,L 0-1,Leeds United,Newcastle Utd,3,1,2,66.7,0,1.3,1.1,,,,,,,,,,,,,,,,,,,
09/02/2022,Away,D 3-3,Leeds United,Aston Villa,4,3,1,25,0,2.6,1.8,,,,,,,,,,,,,,,,,,,
12/02/2022,Away,L 0-3,Leeds United,Everton,10,3,7,70,0,2.6,2.1,,,,,,,,,,,,,,,,,,,
20/02/2022,Home,L 2-4,Leeds United,Manchester Utd,9,4,5,55.6,0,2.5,2.6,,,,,,,,,,,,,,,,,,,
23/02/2022,Away,L 0-6,Leeds United,Liverpool,12,6,8,66.7,0,5.1,5,,,,,,,,,,,,,,,,,,,
26/02/2022,Home,L 0-4,Leeds United,Tottenham,10,4,6,60,0,3.1,2.4,,,,,,,,,,,,,,,,,,,
05/03/2022,Away,L 0-1,Leeds United,Leicester City,4,1,3,75,0,0.9,0.5,,,,,,,,,,,,,,,,,,,
10/03/2022,Home,L 0-3,Leeds United,Aston Villa,9,3,6,66.7,0,3.1,1.4,,,,,,,,,,,,,,,,,,,
13/03/2022,Home,W 2-1,Leeds United,Norwich City,4,1,3,75,0,0.9,1.2,,,,,,,,,,,,,,,,,,,
18/03/2022,Away,W 3-2,Leeds United,Wolves,4,2,2,50,0,1.8,0.8,,,,,,,,,,,,,,,,,,,
02/04/2022,Home,D 1-1,Leeds United,Southampton,5,1,4,80,0,1.1,1.7,,,,,,,,,,,,,,,,,,,
09/04/2022,Away,W 3-0,Leeds United,Watford,1,0,1,100,1,0.9,1.2,,,,,,,,,,,,,,,,,,,
25/04/2022,Away,D 0-0,Leeds United,Crystal Palace,7,0,7,100,1,1.5,1.9,,,,,,,,,,,,,,,,,,,
30/04/2022,Home,L 0-4,Leeds United,Manchester City,6,4,2,33.3,0,2.8,2.7,,,,,,,,,,,,,,,,,,,
08/05/2022,Away,L 1-2,Leeds United,Arsenal,9,2,7,77.8,0,2.5,2.9,,,,,,,,,,,,,,,,,,,
11/05/2022,Home,L 0-3,Leeds United,Chelsea,3,3,0,0,0,1.8,1.5,,,,,,,,,,,,,,,,,,,
15/05/2022,Home,D 1-1,Leeds United,Brighton,6,1,5,83.3,0,1.3,2.2,,,,,,,,,,,,,,,,,,,
22/05/2022,Away,W 2-1,Leeds United,Brentford,5,1,4,80,0,1.2,1.2,,,,,,,,,,,,,,,,,,,
,,,,Totals,215,79,139,66.88421053,5,70.7,70,,,,,,,,,,,,,,,,,,,
Jose Sa,,,,,,,,,,,,,,,,,,,,,,,,,,,,,,
Date,Venue,Result,Squad,Opponent,SoTA,GA,Saves,Save%,CS,PSxG,Opposition xG,,,,,,,,,,,,,,,,,,,
14/08/2021,Away,L 0-1,Wolves,Leicester City,5,1,4,80,0,1.5,0.8,,,,,,,,,,,,,,,,,,,
22/08/2021,Home,L 0-1,Wolves,Tottenham,5,1,5,100,0,1.9,1.5,,,,,,,,,,,,,,,,,,,
29/08/2021,Home,L 0-1,Wolves,Manchester Utd,3,1,2,66.7,0,0.3,0.6,,,,,,,,,,,,,,,,,,,
11/09/2021,Away,W 2-0,Wolves,Watford,2,0,2,100,1,0.4,0.2,,,,,,,,,,,,,,,,,,,
18/09/2021,Home,L 0-2,Wolves,Brentford,2,2,1,50,0,2.3,2.5,,,,,,,,,,,,,,,,,,,
26/09/2021,Away,W 1-0,Wolves,Southampton,6,0,6,100,1,0.4,1.2,,,,,,,,,,,,,,,,,,,
02/10/2021,Home,W 2-1,Wolves,Newcastle Utd,2,1,1,50,0,0.7,0.6,,,,,,,,,,,,,,,,,,,
16/10/2021,Away,W 3-2,Wolves,Aston Villa,5,2,3,60,0,1.7,1.1,,,,,,,,,,,,,,,,,,,
23/10/2021,Away,D 1-1,Wolves,Leeds United,3,1,3,100,0,1,1.9,,,,,,,,,,,,,,,,,,,
01/11/2021,Home,W 2-1,Wolves,Everton,5,1,4,80,0,1.4,1.5,,,,,,,,,,,,,,,,,,,
06/11/2021,Away,L 0-2,Wolves,Crystal Palace,6,2,4,66.7,0,1.9,2,,,,,,,,,,,,,,,,,,,
20/11/2021,Home,W 1-0,Wolves,West Ham,2,0,2,100,1,0.3,0.5,,,,,,,,,,,,,,,,,,,
27/11/2021,Away,D 0-0,Wolves,Norwich City,4,0,4,100,1,1.2,1.5,,,,,,,,,,,,,,,,,,,
01/12/2021,Home,D 0-0,Wolves,Burnley,1,0,1,100,1,0.3,0.2,,,,,,,,,,,,,,,,,,,
04/12/2021,Home,L 0-1,Wolves,Liverpool,4,1,3,75,0,2.6,2.5,,,,,,,,,,,,,,,,,,,
11/12/2021,Away,L 0-1,Wolves,Manchester City,8,1,8,100,0,2.1,3.5,,,,,,,,,,,,,,,,,,,
15/12/2021,Away,W 1-0,Wolves,Brighton,2,0,2,100,1,0.2,1.1,,,,,,,,,,,,,,,,,,,
19/12/2021,Home,D 0-0,Wolves,Chelsea,1,0,1,100,1,0.1,0.8,,,,,,,,,,,,,,,,,,,
03/01/2022,Away,W 1-0,Wolves,Manchester Utd,2,0,2,100,1,0.4,0.8,,,,,,,,,,,,,,,,,,,
15/01/2022,Home,W 3-1,Wolves,Southampton,10,1,9,90,0,1.1,1.1,,,,,,,,,,,,,,,,,,,
22/01/2022,Away,W 2-1,Wolves,Brentford,1,1,0,0,0,0.5,1.3,,,,,,,,,,,,,,,,,,,
10/02/2022,Home,L 0-1,Wolves,Arsenal,2,1,1,50,0,1,1.8,,,,,,,,,,,,,,,,,,,
13/02/2022,Away,W 2-0,Wolves,Tottenham,7,0,7,100,1,1.1,1.4,,,,,,,,,,,,,,,,,,,
20/02/2022,Home,W 2-1,Wolves,Leicester City,7,1,6,85.7,0,1.8,1.6,,,,,,,,,,,,,,,,,,,
24/02/2022,Away,L 1-2,Wolves,Arsenal,5,2,4,60,0,1.9,2.7,,,,,,,,,,,,,,,,,,,
27/02/2022,Away,L 0-1,Wolves,West Ham,4,1,3,75,0,1.4,2.1,,,,,,,,,,,,,,,,,,,
05/03/2022,Home,L 0-2,Wolves,Crystal Palace,7,2,6,85.7,0,3,2.6,,,,,,,,,,,,,,,,,,,
10/03/2022,Home,W 4-0,Wolves,Watford,0,0,0,,1,0,0.9,,,,,,,,,,,,,,,,,,,
13/03/2022,Away,W 1-0,Wolves,Everton,2,0,2,100,1,0.3,0.5,,,,,,,,,,,,,,,,,,,
18/03/2022,Home,L 2-3,Wolves,Leeds United,5,3,2,40,0,1.5,2.2,,,,,,,,,,,,,,,,,,,
02/04/2022,Home,W 2-1,Wolves,Aston Villa,4,1,4,100,0,2,2.1,,,,,,,,,,,,,,,,,,,
08/04/2022,Away,L 0-1,Wolves,Newcastle Utd,3,1,3,100,0,1.2,1.6,,,,,,,,,,,,,,,,,,,
24/04/2022,Away,L 0-1,Wolves,Burnley,5,1,4,80,0,1,1.1,,,,,,,,,,,,,,,,,,,
30/04/2022,Home,L 0-3,Wolves,Brighton,8,3,6,75,0,3.3,2.5,,,,,,,,,,,,,,,,,,,
07/05/2022,Away,D 2-2,Wolves,Chelsea,5,2,4,80,0,2.3,2.5,,,,,,,,,,,,,,,,,,,
11/05/2022,Home,L 1-5,Wolves,Manchester City,5,5,0,0,0,3.6,3.1,,,,,,,,,,,,,,,,,,,
22/05/2022,Away,L 1-3,Wolves,Liverpool,2,1,1,50,0,0.5,3.2,,,,,,,,,,,,,,,,,,,
,,,,Totals,150,40,120,77.77222222,11,48.2,59.1,,,,,,,,,,,,,,,,,,,
Emi Martinez,,,,,,,,,,,,,,,,,,,,,,,,,,,,,,
Date,Venue,Result,Squad,Opponent,SoTA,GA,Saves,Save%,CS,PSxG,Opposition xG,,,,,,,,,,,,,,,,,,,
14/08/2021,Away,L 2-3,Aston Villa,Watford,7,3,4,57.1,0,1.2,1,,,,,,,,,,,,,,,,,,,
21/08/2021,Home,W 2-0,Aston Villa,Newcastle Utd,1,0,1,100,1,0,0.7,,,,,,,,,,,,,,,,,,,
28/08/2021,Home,D 1-1,Aston Villa,Brentford,2,1,1,50,0,1.1,1.1,,,,,,,,,,,,,,,,,,,
18/09/2021,Home,W 3-0,Aston Villa,Everton,1,0,1,100,1,0,0.7,,,,,,,,,,,,,,,,,,,
25/09/2021,Away,W 1-0,Aston Villa,Manchester Utd,4,0,4,100,1,0.6,2.3,,,,,,,,,,,,,,,,,,,
03/10/2021,Away,L 1-2,Aston Villa,Tottenham,7,2,6,71.4,0,1.7,1.7,,,,,,,,,,,,,,,,,,,
16/10/2021,Home,L 2-3,Aston Villa,Wolves,4,3,1,25,0,2.7,2,,,,,,,,,,,,,,,,,,,
22/10/2021,Away,L 1-3,Aston Villa,Arsenal,8,3,5,62.5,0,2.6,2.7,,,,,,,,,,,,,,,,,,,
31/10/2021,Home,L 1-4,Aston Villa,West Ham,8,4,4,50,0,2.5,2.3,,,,,,,,,,,,,,,,,,,
05/11/2021,Away,L 0-1,Aston Villa,Southampton,3,1,2,66.7,0,0.6,0.8,,,,,,,,,,,,,,,,,,,
20/11/2021,Home,W 2-0,Aston Villa,Brighton,2,0,2,100,1,0.2,0.4,,,,,,,,,,,,,,,,,,,
27/11/2021,Away,W 2-1,Aston Villa,Crystal Palace,3,1,2,66.7,0,0.8,0.9,,,,,,,,,,,,,,,,,,,
01/12/2021,Home,L 1-2,Aston Villa,Manchester City,7,2,5,71.4,0,0.9,0.9,,,,,,,,,,,,,,,,,,,
05/12/2021,Home,W 2-1,Aston Villa,Leicester City,4,1,3,75,0,1.9,1.4,,,,,,,,,,,,,,,,,,,
11/12/2021,Away,L 0-1,Aston Villa,Liverpool,4,1,3,100,0,1.4,2.5,,,,,,,,,,,,,,,,,,,
14/12/2021,Away,W 2-0,Aston Villa,Norwich City,3,0,3,100,1,0.1,0.5,,,,,,,,,,,,,,,,,,,
26/12/2021,Home,L 1-3,Aston Villa,Chelsea,2,3,1,50,0,2.6,2.8,,,,,,,,,,,,,,,,,,,
02/01/2022,Away,L 1-2,Aston Villa,Brentford,4,2,2,50,0,0.9,0.5,,,,,,,,,,,,,,,,,,,
15/01/2022,Home,D 2-2,Aston Villa,Manchester Utd,6,2,4,66.7,0,1.3,1,,,,,,,,,,,,,,,,,,,
22/01/2022,Away,W 1-0,Aston Villa,Everton,1,0,1,100,1,0.4,1.3,,,,,,,,,,,,,,,,,,,
09/02/2022,Home,D 3-3,Aston Villa,Leeds United,7,3,4,57.1,0,2.7,1.9,,,,,,,,,,,,,,,,,,,
13/02/2022,Away,L 0-1,Aston Villa,Newcastle Utd,2,1,1,50,0,0.7,0.5,,,,,,,,,,,,,,,,,,,
19/02/2022,Home,L 0-1,Aston Villa,Watford,4,1,3,75,0,1.7,1.1,,,,,,,,,,,,,,,,,,,
26/02/2022,Away,W 2-0,Aston Villa,Brighton,1,0,1,100,1,0.1,0.6,,,,,,,,,,,,,,,,,,,
05/03/2022,Home,W 4-0,Aston Villa,Southampton,1,0,1,100,1,0.3,0.7,,,,,,,,,,,,,,,,,,,
10/03/2022,Away,W 3-0,Aston Villa,Leeds United,1,0,1,100,1,0.1,0.2,,,,,,,,,,,,,,,,,,,
13/03/2022,Away,L 1-2,Aston Villa,West Ham,4,2,2,50,0,1.4,1.3,,,,,,,,,,,,,,,,,,,
19/03/2022,Home,L 0-1,Aston Villa,Arsenal,3,1,2,66.7,0,0.5,1.3,,,,,,,,,,,,,,,,,,,
02/04/2022,Away,L 1-2,Aston Villa,Wolves,4,2,3,50,0,0.5,1.2,,,,,,,,,,,,,,,,,,,
09/04/2022,Home,L 0-4,Aston Villa,Tottenham,5,4,1,20,0,3.1,1,,,,,,,,,,,,,,,,,,,
23/04/2022,Away,D 0-0,Aston Villa,Leicester City,2,0,2,100,1,0.6,0.4,,,,,,,,,,,,,,,,,,,
30/04/2022,Home,W 2-0,Aston Villa,Norwich City,3,0,3,100,1,0.4,0.6,,,,,,,,,,,,,,,,,,,
07/05/2022,Away,W 3-1,Aston Villa,Burnley,6,1,5,83.3,0,1.5,1.7,,,,,,,,,,,,,,,,,,,
10/05/2022,Home,L 1-2,Aston Villa,Liverpool,5,2,3,60,0,1.5,1.9,,,,,,,,,,,,,,,,,,,
15/05/2022,Home,D 1-1,Aston Villa,Crystal Palace,4,1,3,75,0,1.2,1.3,,,,,,,,,,,,,,,,,,,
19/05/2022,Home,D 1-1,Aston Villa,Burnley,3,1,3,100,0,1.3,1.6,,,,,,,,,,,,,,,,,,,
,,,,Totals,136,48,93,73.6,11,41.1,44.8,,,,,,,,,,,,,,,,,,,
Jordan Pickford,,,,,,,,,,,,,,,,,,,,,,,,,,,,,,
Date,Venue,Result,Squad,Opponent,SoTA,GA,Saves,Save%,CS,PSxG,Opposition xG,,,,,,,,,,,,,,,,,,,
14/08/2021,Home,W 3-1,Everton,Southampton,3,1,2,66.7,0,1,0.7,,,,,,,,,,,,,,,,,,,
21/08/2021,Away,D 2-2,Everton,Leeds United,4,2,2,50,0,1.5,1.5,,,,,,,,,,,,,,,,,,,
28/08/2021,Away,W 2-0,Everton,Brighton,3,0,3,100,1,0.5,1,,,,,,,,,,,,,,,,,,,
13/09/2021,Home,W 3-1,Everton,Burnley,5,1,4,80,0,0.7,1.3,,,,,,,,,,,,,,,,,,,
25/09/2021,Home,W 2-0,Everton,Norwich City,2,0,2,100,1,0.1,0.6,,,,,,,,,,,,,,,,,,,
02/10/2021,Away,D 1-1,Everton,Manchester Utd,6,1,5,83.3,0,0.5,0.9,,,,,,,,,,,,,,,,,,,
17/10/2021,Home,L 0-1,Everton,West Ham,4,1,3,75,0,1.7,1.5,,,,,,,,,,,,,,,,,,,
23/10/2021,Home,L 2-5,Everton,Watford,8,5,3,37.5,0,4.5,3.2,,,,,,,,,,,,,,,,,,,
01/11/2021,Away,L 1-2,Everton,Wolves,4,2,2,50,0,1.6,1.6,,,,,,,,,,,,,,,,,,,
07/11/2021,Home,D 0-0,Everton,Tottenham,0,0,0,,1,0,0.8,,,,,,,,,,,,,,,,,,,
21/11/2021,Away,L 0-3,Everton,Manchester City,7,3,4,57.1,0,2.3,2.3,,,,,,,,,,,,,,,,,,,
28/11/2021,Away,L 0-1,Everton,Brentford,3,1,3,100,0,1.1,1.2,,,,,,,,,,,,,,,,,,,
01/12/2021,Home,L 1-4,Everton,Liverpool,7,4,3,42.9,0,2.9,2.1,,,,,,,,,,,,,,,,,,,
06/12/2021,Home,W 2-1,Everton,Arsenal,3,1,2,66.7,0,0.6,1.2,,,,,,,,,,,,,,,,,,,
12/12/2021,Away,L 1-3,Everton,Crystal Palace,6,3,3,50,0,1.3,1.6,,,,,,,,,,,,,,,,,,,
16/12/2021,Away,D 1-1,Everton,Chelsea,10,1,9,90,0,3,2.7,,,,,,,,,,,,,,,,,,,
02/01/2022,Home,L 2-3,Everton,Brighton,5,3,2,40,0,2.6,1.5,,,,,,,,,,,,,,,,,,,
15/01/2022,Away,L 1-2,Everton,Norwich City,3,2,2,33.3,0,0.8,0.8,,,,,,,,,,,,,,,,,,,
22/01/2022,Home,L 0-1,Everton,Aston Villa,3,1,2,66.7,0,0.9,0.6,,,,,,,,,,,,,,,,,,,
08/02/2022,Away,L 1-3,Everton,Newcastle Utd,8,3,6,62.5,0,2.2,2.2,,,,,,,,,,,,,,,,,,,
12/02/2022,Home,W 3-0,Everton,Leeds United,0,0,0,,1,0,0.3,,,,,,,,,,,,,,,,,,,
19/02/2022,Away,L 0-2,Everton,Southampton,11,2,9,81.8,0,3.3,2,,,,,,,,,,,,,,,,,,,
26/02/2022,Home,L 0-1,Everton,Manchester City,8,1,7,87.5,0,1.3,1.6,,,,,,,,,,,,,,,,,,,
07/03/2022,Away,L 0-5,Everton,Tottenham,7,5,3,28.6,0,3,2.9,,,,,,,,,,,,,,,,,,,
13/03/2022,Home,L 0-1,Everton,Wolves,3,1,2,66.7,0,0.9,0.8,,,,,,,,,,,,,,,,,,,
03/04/2022,Away,L 1-2,Everton,West Ham,5,2,3,60,0,1.3,1.2,,,,,,,,,,,,,,,,,,,
06/04/2022,Away,L 2-3,Everton,Burnley,4,3,1,25,0,2.1,1.4,,,,,,,,,,,,,,,,,,,
09/04/2022,Home,W 1-0,Everton,Manchester Utd,4,0,4,100,1,0.6,0.7,,,,,,,,,,,,,,,,,,,
20/04/2022,Home,D 1-1,Everton,Leicester City,3,1,2,66.7,0,1.3,1,,,,,,,,,,,,,,,,,,,
24/04/2022,Away,L 0-2,Everton,Liverpool,4,2,2,50,0,1.8,1.6,,,,,,,,,,,,,,,,,,,
01/05/2022,Home,W 1-0,Everton,Chelsea,5,0,5,100,1,2.2,1.2,,,,,,,,,,,,,,,,,,,
08/05/2022,Away,W 2-1,Everton,Leicester City,8,1,7,87.5,0,1.5,1.8,,,,,,,,,,,,,,,,,,,
11/05/2022,Away,D 0-0,Everton,Watford,0,0,0,,1,0,0.3,,,,,,,,,,,,,,,,,,,
15/05/2022,Home,L 2-3,Everton,Brentford,6,3,4,50,0,2.7,1.6,,,,,,,,,,,,,,,,,,,
19/05/2022,Home,W 3-2,Everton,Crystal Palace,5,2,3,60,0,2,1.4,,,,,,,,,,,,,,,,,,,
,,,,Totals,167,58,114,66.109375,7,53.8,49.1,,,,,,,,,,,,,,,,,,,
Allison,,,,,,,,,,,,,,,,,,,,,,,,,,,,,,
Date,Venue,Result,Squad,Opponent,SoTA,GA,Saves,Save%,CS,PSxG,Opposition xG,,,,,,,,,,,,,,,,,,,
14/08/2021,Away,W 3-0,Liverpool,Norwich City,4,0,4,100,1,0.8,1.2,,,,,,,,,,,,,,,,,,,
21/08/2021,Home,W 2-0,Liverpool,Burnley,3,0,3,100,1,0.7,0.7,,,,,,,,,,,,,,,,,,,
28/08/2021,Home,D 1-1,Liverpool,Chelsea,2,1,1,50,0,0.4,0.8,,,,,,,,,,,,,,,,,,,
12/09/2021,Away,W 3-0,Liverpool,Leeds United,4,0,4,100,1,1.5,1.2,,,,,,,,,,,,,,,,,,,
18/09/2021,Home,W 3-0,Liverpool,Crystal Palace,2,0,2,100,1,0.2,0.8,,,,,,,,,,,,,,,,,,,
25/09/2021,Away,D 3-3,Liverpool,Brentford,3,3,0,0,0,1.4,1.9,,,,,,,,,,,,,,,,,,,
03/10/2021,Home,D 2-2,Liverpool,Manchester City,3,2,1,33.3,0,1.2,1.2,,,,,,,,,,,,,,,,,,,
24/10/2021,Away,W 5-0,Liverpool,Manchester Utd,3,0,3,100,1,0.4,1.5,,,,,,,,,,,,,,,,,,,
30/10/2021,Home,D 2-2,Liverpool,Brighton,6,2,3,66.7,0,1.4,1.1,,,,,,,,,,,,,,,,,,,
07/11/2021,Away,L 2-3,Liverpool,West Ham,3,3,1,0,0,1.1,0.8,,,,,,,,,,,,,,,,,,,
20/11/2021,Home,W 4-0,Liverpool,Arsenal,3,0,3,100,1,0.8,0.4,,,,,,,,,,,,,,,,,,,
27/11/2021,Home,W 4-0,Liverpool,Southampton,3,0,3,100,1,1.4,1,,,,,,,,,,,,,,,,,,,
01/12/2021,Away,W 4-1,Liverpool,Everton,1,1,0,0,0,0,0.6,,,,,,,,,,,,,,,,,,,
04/12/2021,Away,W 1-0,Liverpool,Wolves,1,0,1,100,1,0.5,0.2,,,,,,,,,,,,,,,,,,,
11/12/2021,Home,W 1-0,Liverpool,Aston Villa,0,0,0,,1,0,0.4,,,,,,,,,,,,,,,,,,,
16/12/2021,Home,W 3-1,Liverpool,Newcastle Utd,2,1,1,50,0,0.6,0.3,,,,,,,,,,,,,,,,,,,
19/12/2021,Away,D 2-2,Liverpool,Tottenham,5,2,3,60,0,3,3.4,,,,,,,,,,,,,,,,,,,
28/12/2021,Away,L 0-1,Liverpool,Leicester City,1,1,0,0,0,0.2,0.6,,,,,,,,,,,,,,,,,,,
16/01/2022,Home,W 3-0,Liverpool,Brentford,1,0,1,100,1,0.1,0.5,,,,,,,,,,,,,,,,,,,
23/01/2022,Away,W 3-1,Liverpool,Crystal Palace,5,1,4,80,0,3,2.2,,,,,,,,,,,,,,,,,,,
10/02/2022,Home,W 2-0,Liverpool,Leicester City,1,0,1,100,1,0,0.3,,,,,,,,,,,,,,,,,,,
13/02/2022,Away,W 1-0,Liverpool,Burnley,5,0,5,100,1,0.7,0.8,,,,,,,,,,,,,,,,,,,
19/02/2022,Home,W 3-1,Liverpool,Norwich City,1,1,0,0,0,0.2,0.6,,,,,,,,,,,,,,,,,,,
23/02/2022,Home,W 6-0,Liverpool,Leeds United,2,0,2,100,1,0,0.2,,,,,,,,,,,,,,,,,,,
05/03/2022,Home,W 1-0,Liverpool,West Ham,4,0,4,100,1,0.5,1.5,,,,,,,,,,,,,,,,,,,
12/03/2022,Away,W 2-0,Liverpool,Brighton,3,0,3,100,1,0.8,0.8,,,,,,,,,,,,,,,,,,,
16/03/2022,Away,W 2-0,Liverpool,Arsenal,2,0,2,100,1,0.4,0.5,,,,,,,,,,,,,,,,,,,
02/04/2022,Home,W 2-0,Liverpool,Watford,2,0,2,100,1,0.3,0.6,,,,,,,,,,,,,,,,,,,
10/04/2022,Away,D 2-2,Liverpool,Manchester City,4,2,2,50,0,1.8,2,,,,,,,,,,,,,,,,,,,
19/04/2022,Home,W 4-0,Liverpool,Manchester Utd,1,0,1,100,1,0,0.1,,,,,,,,,,,,,,,,,,,
24/04/2022,Home,W 2-0,Liverpool,Everton,1,0,1,100,1,0,0.4,,,,,,,,,,,,,,,,,,,
30/04/2022,Away,W 1-0,Liverpool,Newcastle Utd,2,0,2,100,1,0.2,0.2,,,,,,,,,,,,,,,,,,,
07/05/2022,Home,D 1-1,Liverpool,Tottenham,3,1,2,66.7,0,0.6,1.1,,,,,,,,,,,,,,,,,,,
10/05/2022,Away,W 2-1,Liverpool,Aston Villa,4,1,3,75,0,1.1,1.1,,,,,,,,,,,,,,,,,,,
17/05/2022,Away,W 2-1,Liverpool,Southampton,2,1,1,50,0,0.5,0.1,,,,,,,,,,,,,,,,,,,
22/05/2022,Home,W 3-1,Liverpool,Wolves,5,1,4,80,0,1.3,1.1,,,,,,,,,,,,,,,,,,,
,,,,Totals,97,24,73,73.19142857,20,27.1,32.2,,,,,,,,,,,,,,,,,,,
Hugo Lloris,,,,,,,,,,,,,,,,,,,,,,,,,,,,,,
Date,Venue,Result,Squad,Opponent,SoTA,GA,Saves,Save%,CS,PSxG,Opposition xG,,,,,,,,,,,,,,,,,,,
15/08/2021,Home,W 1-0,Tottenham,Manchester City,4,0,4,100,1,0.3,1.9,,,,,,,,,,,,,,,,,,,
22/08/2021,Away,W 1-0,Tottenham,Wolves,6,0,6,100,1,1.1,1.4,,,,,,,,,,,,,,,,,,,
29/08/2021,Home,W 1-0,Tottenham,Watford,1,0,1,100,1,0,0.6,,,,,,,,,,,,,,,,,,,
11/09/2021,Away,L 0-3,Tottenham,Crystal Palace,3,3,1,33.3,0,2.6,2.4,,,,,,,,,,,,,,,,,,,
19/09/2021,Home,L 0-3,Tottenham,Chelsea,9,3,6,66.7,0,3.3,1.9,,,,,,,,,,,,,,,,,,,
26/09/2021,Away,L 1-3,Tottenham,Arsenal,7,3,4,57.1,0,2.6,0.8,,,,,,,,,,,,,,,,,,,
03/10/2021,Home,W 2-1,Tottenham,Aston Villa,3,1,2,66.7,0,0.9,1.1,,,,,,,,,,,,,,,,,,,
17/10/2021,Away,W 3-2,Tottenham,Newcastle Utd,1,2,0,100,0,0.9,0.6,,,,,,,,,,,,,,,,,,,
24/10/2021,Away,L 0-1,Tottenham,West Ham,4,1,3,75,0,1.5,1.2,,,,,,,,,,,,,,,,,,,
30/10/2021,Home,L 0-3,Tottenham,Manchester Utd,4,3,1,25,0,2.1,1.2,,,,,,,,,,,,,,,,,,,
07/11/2021,Away,D 0-0,Tottenham,Everton,2,0,2,100,1,0.1,0.5,,,,,,,,,,,,,,,,,,,
21/11/2021,Home,W 2-1,Tottenham,Leeds United,7,1,6,85.7,0,1,1.1,,,,,,,,,,,,,,,,,,,
02/12/2021,Home,W 2-0,Tottenham,Brentford,2,0,2,100,1,0.3,0.3,,,,,,,,,,,,,,,,,,,
05/12/2021,Home,W 3-0,Tottenham,Norwich City,1,0,1,100,1,0.3,1.6,,,,,,,,,,,,,,,,,,,
19/12/2021,Home,D 2-2,Tottenham,Liverpool,6,2,4,66.7,0,2.7,1.5,,,,,,,,,,,,,,,,,,,
26/12/2021,Home,W 3-0,Tottenham,Crystal Palace,0,0,0,,1,0,0.2,,,,,,,,,,,,,,,,,,,
28/12/2021,Away,D 1-1,Tottenham,Southampton,2,1,1,50,0,0.7,0.4,,,,,,,,,,,,,,,,,,,
01/01/2022,Away,W 1-0,Tottenham,Watford,4,0,4,100,1,0.4,0.3,,,,,,,,,,,,,,,,,,,
19/01/2022,Away,W 3-2,Tottenham,Leicester City,4,2,2,50,0,1.7,1.5,,,,,,,,,,,,,,,,,,,
23/01/2022,Away,L 0-2,Tottenham,Chelsea,7,2,5,71.4,0,1.7,0.9,,,,,,,,,,,,,,,,,,,
09/02/2022,Home,L 2-3,Tottenham,Southampton,9,3,6,66.7,0,3.2,2.7,,,,,,,,,,,,,,,,,,,
13/02/2022,Home,L 0-2,Tottenham,Wolves,7,2,5,71.4,0,1.9,1.3,,,,,,,,,,,,,,,,,,,
19/02/2022,Away,W 3-2,Tottenham,Manchester City,3,2,2,66.7,0,2.3,2.1,,,,,,,,,,,,,,,,,,,
23/02/2022,Away,L 0-1,Tottenham,Burnley,4,1,3,75,0,0.8,1.1,,,,,,,,,,,,,,,,,,,
26/02/2022,Away,W 4-0,Tottenham,Leeds United,2,0,2,100,1,0.5,1.5,,,,,,,,,,,,,,,,,,,
07/03/2022,Home,W 5-0,Tottenham,Everton,0,0,0,,1,0,0.2,,,,,,,,,,,,,,,,,,,
12/03/2022,Away,L 2-3,Tottenham,Manchester Utd,6,3,3,50,0,1.7,1.1,,,,,,,,,,,,,,,,,,,
16/03/2022,Away,W 2-0,Tottenham,Brighton,0,0,0,,1,0,0.7,,,,,,,,,,,,,,,,,,,
20/03/2022,Home,W 3-1,Tottenham,West Ham,1,1,0,0,0,0.4,0.6,,,,,,,,,,,,,,,,,,,
03/04/2022,Home,W 5-1,Tottenham,Newcastle Utd,1,1,0,0,0,0.4,0.6,,,,,,,,,,,,,,,,,,,
09/04/2022,Away,W 4-0,Tottenham,Aston Villa,8,0,8,100,1,0.6,1.6,,,,,,,,,,,,,,,,,,,
16/04/2022,Home,L 0-1,Tottenham,Brighton,4,1,3,75,0,0.6,0.7,,,,,,,,,,,,,,,,,,,
23/04/2022,Away,D 0-0,Tottenham,Brentford,1,0,1,100,1,0,0.8,,,,,,,,,,,,,,,,,,,
01/05/2022,Home,W 3-1,Tottenham,Leicester City,2,1,0,50,0,1,0.4,,,,,,,,,,,,,,,,,,,
07/05/2022,Away,D 1-1,Tottenham,Liverpool,3,1,2,66.7,0,0.4,1.2,,,,,,,,,,,,,,,,,,,
12/05/2022,Home,W 3-0,Tottenham,Arsenal,4,0,4,100,1,0.5,0.4,,,,,,,,,,,,,,,,,,,
15/05/2022,Home,W 1-0,Tottenham,Burnley,1,0,1,100,1,0,0.7,,,,,,,,,,,,,,,,,,,
22/05/2022,Away,W 5-0,Tottenham,Norwich City,0,0,0,,1,0,0.3,,,,,,,,,,,,,,,,,,,
,,,,Totals,133,40,95,72.62058824,16,38.5,39.4,,,,,,,,,,,,,,,,,,,